{"step": 2048, "wall_time": 1790736857.076546, "episodes_completed": 5.0, "mean_episode_reward": 11.885876083374024, "std_episode_reward": 23.8380277003761, "min_episode_reward": -10.114974021911621, "max_episode_reward": 55.0980339050293, "mean_episode_length": 55.2, "success_rate": 0.6, "collision_rate": 0.4, "out_of_bounds_rate": 0.0, "timeout_rate": 0.0, "policy_loss": 0.034060911275446415, "value_loss": 3.5311895608901978, "entropy": 0.6097620725631714, "approx_kl": 0.09626973792910576, "clip_fraction": 0.4002685546875, "grad_norm": 25.23252010345459, "explained_variance": 0.900455117225647, "action_std_mean": 0.3282984495162964, "optimizer_iterations": 4.0, "lr": 0.0001}
{"step": 4096, "wall_time": 1790736868.7450578, "episodes_completed": 3.0, "mean_episode_reward": 3.1478377978006997, "std_episode_reward": 12.159310133297666, "min_episode_reward": -7.270778656005859, "max_episode_reward": 20.20461654663086, "mean_episode_length": 39.666666666666664, "success_rate": 0.3333333333333333, "collision_rate": 0.6666666666666666, "out_of_bounds_rate": 0.0, "timeout_rate": 0.0, "policy_loss": 0.017477095127105713, "value_loss": 6.174160718917847, "entropy": 0.6099770665168762, "approx_kl": 0.058989517390728, "clip_fraction": 0.348876953125, "grad_norm": 23.478143334388733, "explained_variance": 0.8899649381637573, "action_std_mean": 0.3283393979072571, "optimizer_iterations": 4.0, "lr": 9.995904e-05}
{"step": 6144, "wall_time": 1790736880.5458667, "episodes_completed": 3.0, "mean_episode_reward": 7.490312576293945, "std_episode_reward": 13.420962332665736, "min_episode_reward": -10.33708381652832, "max_episode_reward": 22.045047760009766, "mean_episode_length": 33.0, "success_rate": 0.6666666666666666, "collision_rate": 0.3333333333333333, "out_of_bounds_rate": 0.0, "timeout_rate": 0.0, "policy_loss": 0.00859990413300693, "value_loss": 2.13474041223526, "entropy": 0.6102768182754517, "approx_kl": 0.03002882469445467, "clip_fraction": 0.2779541015625, "grad_norm": 17.13823652267456, "explained_variance": 0.9526622295379639, "action_std_mean": 0.32840633392333984, "optimizer_iterations": 4.0, "lr": 9.991808e-05}
{"step": 8192, "wall_time": 1790736892.3456528, "episodes_completed": 2.0, "mean_episode_reward": 10.3842191696167, "std_episode_reward": 0.11954593658447266, "min_episode_reward": 10.264673233032227, "max_episode_reward": 10.503765106201172, "mean_episode_length": 87.5, "success_rate": 1.0, "collision_rate": 0.0, "out_of_bounds_rate": 0.0, "timeout_rate": 0.0, "policy_loss": 0.012179449200630188, "value_loss": 2.3462875485420227, "entropy": 0.6107150912284851, "approx_kl": 0.02591009857133031, "clip_fraction": 0.1898193359375, "grad_norm": 16.431079745292664, "explained_variance": 0.8616819381713867, "action_std_mean": 0.32847273349761963, "optimizer_iterations": 4.0, "lr": 9.987712e-05}
{"step": 10240, "wall_time": 1790736904.0951526, "episodes_completed": 0.0, "mean_episode_reward": NaN, "std_episode_reward": NaN, "min_episode_reward": NaN, "max_episode_reward": NaN, "mean_episode_length": NaN, "success_rate": NaN, "collision_rate": NaN, "out_of_bounds_rate": NaN, "timeout_rate": NaN, "policy_loss": 0.02836363879032433, "value_loss": 1.545977622270584, "entropy": 0.6110794246196747, "approx_kl": 0.046312783379107714, "clip_fraction": 0.2901611328125, "grad_norm": 18.720407247543335, "explained_variance": 0.9627640843391418, "action_std_mean": 0.3285312354564667, "optimizer_iterations": 4.0, "lr": 9.983616e-05}
{"step": 12288, "wall_time": 1790736916.4566326, "episodes_completed": 5.0, "mean_episode_reward": 2.461422789096832, "std_episode_reward": 4.080977937446571, "min_episode_reward": -0.005871683359146118, "max_episode_reward": 10.59784984588623, "mean_episode_length": 194.6, "success_rate": 0.2, "collision_rate": 0.0, "out_of_bounds_rate": 0.0, "timeout_rate": 0.8, "policy_loss": 0.019547860603779554, "value_loss": 2.269992709159851, "entropy": 0.6114580631256104, "approx_kl": 0.03945686016231775, "clip_fraction": 0.2989501953125, "grad_norm": 18.533175945281982, "explained_variance": 0.9472467303276062, "action_std_mean": 0.32859280705451965, "optimizer_iterations": 4.0, "lr": 9.97952e-05}
{"step": 14336, "wall_time": 1790736928.3694623, "episodes_completed": 10.0, "mean_episode_reward": 3.796901321411133, "std_episode_reward": 17.024052254773757, "min_episode_reward": -11.795618057250977, "max_episode_reward": 43.75857925415039, "mean_episode_length": 64.3, "success_rate": 0.3, "collision_rate": 0.7, "out_of_bounds_rate": 0.0, "timeout_rate": 0.0, "policy_loss": 0.014338926412165165, "value_loss": 16.27792263031006, "entropy": 0.6118007600307465, "approx_kl": 0.028041989542543888, "clip_fraction": 0.2464599609375, "grad_norm": 41.03906846046448, "explained_variance": 0.7252281904220581, "action_std_mean": 0.3286399245262146, "optimizer_iterations": 4.0, "lr": 9.975424000000001e-05}
{"step": 16384, "wall_time": 1790736940.7546544, "episodes_completed": 4.0, "mean_episode_reward": 21.507049798965454, "std_episode_reward": 17.706089739921463, "min_episode_reward": -6.492135047912598, "max_episode_reward": 40.68483352661133, "mean_episode_length": 102.75, "success_rate": 0.75, "collision_rate": 0.25, "out_of_bounds_rate": 0.0, "timeout_rate": 0.0, "policy_loss": 0.009566789492964745, "value_loss": 4.10306179523468, "entropy": 0.612075686454773, "approx_kl": 0.021760623436421156, "clip_fraction": 0.223388671875, "grad_norm": 20.628814220428467, "explained_variance": 0.8147919178009033, "action_std_mean": 0.32869091629981995, "optimizer_iterations": 4.0, "lr": 9.971328e-05}
{"step": 18432, "wall_time": 1790736953.3133278, "episodes_completed": 2.0, "mean_episode_reward": 7.854471996426582, "std_episode_reward": 7.692402049899101, "min_episode_reward": 0.16206994652748108, "max_episode_reward": 15.546874046325684, "mean_episode_length": 129.5, "success_rate": 0.5, "collision_rate": 0.0, "out_of_bounds_rate": 0.0, "timeout_rate": 0.5, "policy_loss": 0.008187755011022091, "value_loss": 1.6718475222587585, "entropy": 0.6124241948127747, "approx_kl": 0.020805632695555687, "clip_fraction": 0.238525390625, "grad_norm": 15.164342641830444, "explained_variance": 0.9280343055725098, "action_std_mean": 0.3287544846534729, "optimizer_iterations": 4.0, "lr": 9.967232000000001e-05}
{"step": 20480, "wall_time": 1790736965.8363805, "episodes_completed": 2.0, "mean_episode_reward": 20.405450150370598, "std_episode_reward": 20.350355818867683, "min_episode_reward": 0.05509433150291443, "max_episode_reward": 40.75580596923828, "mean_episode_length": 151.0, "success_rate": 0.5, "collision_rate": 0.0, "out_of_bounds_rate": 0.0, "timeout_rate": 0.5, "policy_loss": 0.006616660859435797, "value_loss": 0.6887016594409943, "entropy": 0.612825870513916, "approx_kl": 0.014583188691176474, "clip_fraction": 0.19189453125, "grad_norm": 13.57926857471466, "explained_variance": 0.9823298454284668, "action_std_mean": 0.3288183808326721, "optimizer_iterations": 4.0, "lr": 9.963136000000001e-05}
{"step": 22528, "wall_time": 1790736980.646659, "episodes_completed": 1.0, "mean_episode_reward": 41.793983459472656, "std_episode_reward": 0.0, "min_episode_reward": 41.793983459472656, "max_episode_reward": 41.793983459472656, "mean_episode_length": 223.0, "success_rate": 1.0, "collision_rate": 0.0, "out_of_bounds_rate": 0.0, "timeout_rate": 0.0, "policy_loss": -0.0012416957470122725, "value_loss": 0.8218561857938766, "entropy": 0.6131793260574341, "approx_kl": 0.006634198245592415, "clip_fraction": 0.0772705078125, "grad_norm": 9.135289907455444, "explained_variance": 0.9700754284858704, "action_std_mean": 0.3288628160953522, "optimizer_iterations": 4.0, "lr": 9.95904e-05}
{"step": 24576, "wall_time": 1790736994.2374187, "episodes_completed": 2.0, "mean_episode_reward": 29.376094818115234, "std_episode_reward": 2.885345458984375, "min_episode_reward": 26.49074935913086, "max_episode_reward": 32.26144027709961, "mean_episode_length": 127.0, "success_rate": 1.0, "collision_rate": 0.0, "out_of_bounds_rate": 0.0, "timeout_rate": 0.0, "policy_loss": -0.00016028434038162231, "value_loss": 0.8881431221961975, "entropy": 0.6133592426776886, "approx_kl": 0.008181242039427161, "clip_fraction": 0.1019287109375, "grad_norm": 6.790699243545532, "explained_variance": 0.8811140656471252, "action_std_mean": 0.32885217666625977, "optimizer_iterations": 4.0, "lr": 9.954944000000001e-05}
{"step": 26624, "wall_time": 1790737006.1408114, "episodes_completed": 7.0, "mean_episode_reward": 0.8256487606891564, "std_episode_reward": 10.776470112145196, "min_episode_reward": -9.983186721801758, "max_episode_reward": 24.691726684570312, "mean_episode_length": 48.142857142857146, "success_rate": 0.14285714285714285, "collision_rate": 0.5714285714285714, "out_of_bounds_rate": 0.0, "timeout_rate": 0.2857142857142857, "policy_loss": -0.0035571595653891563, "value_loss": 7.416224956512451, "entropy": 0.6132400333881378, "approx_kl": 0.01103687658905983, "clip_fraction": 0.13916015625, "grad_norm": 18.26180410385132, "explained_variance": 0.7404187917709351, "action_std_mean": 0.3288508355617523, "optimizer_iterations": 4.0, "lr": 9.950848e-05}
{"step": 28672, "wall_time": 1790737018.0571187, "episodes_completed": 10.0, "mean_episode_reward": 5.018703497946262, "std_episode_reward": 10.902577581433265, "min_episode_reward": -9.81098747253418, "max_episode_reward": 29.098915100097656, "mean_episode_length": 108.4, "success_rate": 0.3, "collision_rate": 0.3, "out_of_bounds_rate": 0.0, "timeout_rate": 0.4, "policy_loss": 0.006418686360120773, "value_loss": 6.907025098800659, "entropy": 0.6133264005184174, "approx_kl": 0.028227354865521193, "clip_fraction": 0.2236328125, "grad_norm": 34.603187084198, "explained_variance": 0.773198127746582, "action_std_mean": 0.3288673460483551, "optimizer_iterations": 4.0, "lr": 9.946752e-05}
{"step": 30720, "wall_time": 1790737029.9194758, "episodes_completed": 3.0, "mean_episode_reward": 34.57484436035156, "std_episode_reward": 4.6799661030658335, "min_episode_reward": 30.60904312133789, "max_episode_reward": 41.146583557128906, "mean_episode_length": 153.33333333333334, "success_rate": 1.0, "collision_rate": 0.0, "out_of_bounds_rate": 0.0, "timeout_rate": 0.0, "policy_loss": 0.006064246874302626, "value_loss": 1.8292621672153473, "entropy": 0.6133852303028107, "approx_kl": 0.02069403138011694, "clip_fraction": 0.185546875, "grad_norm": 13.501959562301636, "explained_variance": 0.9363365769386292, "action_std_mean": 0.328869104385376, "optimizer_iterations": 4.0, "lr": 9.942656e-05}
{"step": 32768, "wall_time": 1790737041.9508886, "episodes_completed": 4.0, "mean_episode_reward": 2.910225074738264, "std_episode_reward": 15.998771445510885, "min_episode_reward": -10.033811569213867, "max_episode_reward": 29.875408172607422, "mean_episode_length": 67.0, "success_rate": 0.25, "collision_rate": 0.5, "out_of_bounds_rate": 0.0, "timeout_rate": 0.25, "policy_loss": -0.001816856674849987, "value_loss": 1.7650931775569916, "entropy": 0.6134062111377716, "approx_kl": 0.010153624345548451, "clip_fraction": 0.1065673828125, "grad_norm": 12.575345396995544, "explained_variance": 0.9625257849693298, "action_std_mean": 0.32887545228004456, "optimizer_iterations": 4.0, "lr": 9.93856e-05}
{"step": 34816, "wall_time": 1790737054.710021, "episodes_completed": 2.0, "mean_episode_reward": 32.196502685546875, "std_episode_reward": 7.8593292236328125, "min_episode_reward": 24.337173461914062, "max_episode_reward": 40.05583190917969, "mean_episode_length": 123.0, "success_rate": 1.0, "collision_rate": 0.0, "out_of_bounds_rate": 0.0, "timeout_rate": 0.0, "policy_loss": 0.00018946407362818718, "value_loss": 1.5504939258098602, "entropy": 0.6134510934352875, "approx_kl": 0.012383137072902173, "clip_fraction": 0.1092529296875, "grad_norm": 13.044845223426819, "explained_variance": 0.9111901521682739, "action_std_mean": 0.32887977361679077, "optimizer_iterations": 4.0, "lr": 9.934464e-05}
{"step": 36864, "wall_time": 1790737066.4684637, "episodes_completed": 4.0, "mean_episode_reward": -7.790093183517456, "std_episode_reward": 4.253051332196131, "min_episode_reward": -10.555109024047852, "max_episode_reward": -0.4360980987548828, "mean_episode_length": 59.5, "success_rate": 0.0, "collision_rate": 1.0, "out_of_bounds_rate": 0.0, "timeout_rate": 0.0, "policy_loss": 0.0018286299891769886, "value_loss": 5.8240073919296265, "entropy": 0.6134791076183319, "approx_kl": 0.014608219964429736, "clip_fraction": 0.1180419921875, "grad_norm": 21.612730860710144, "explained_variance": 0.7476496696472168, "action_std_mean": 0.32888078689575195, "optimizer_iterations": 4.0, "lr": 9.930368000000001e-05}
{"step": 38912, "wall_time": 1790737078.3607893, "episodes_completed": 4.0, "mean_episode_reward": 7.484250597655773, "std_episode_reward": 13.188859119484272, "min_episode_reward": -10.184417724609375, "max_episode_reward": 20.853439331054688, "mean_episode_length": 42.25, "success_rate": 0.5, "collision_rate": 0.25, "out_of_bounds_rate": 0.0, "timeout_rate": 0.25, "policy_loss": 0.0024186894297599792, "value_loss": 1.6429752707481384, "entropy": 0.6135011613368988, "approx_kl": 0.016192284412682056, "clip_fraction": 0.18701171875, "grad_norm": 23.100202560424805, "explained_variance": 0.8882248401641846, "action_std_mean": 0.3288997411727905, "optimizer_iterations": 4.0, "lr": 9.926272000000001e-05}
{"step": 40960, "wall_time": 1790737090.562349, "episodes_completed": 2.0, "mean_episode_reward": -0.2514348179101944, "std_episode_reward": 0.08880950510501862, "min_episode_reward": -0.340244323015213, "max_episode_reward": -0.16262531280517578, "mean_episode_length": 89.0, "success_rate": 0.0, "collision_rate": 0.5, "out_of_bounds_rate": 0.0, "timeout_rate": 0.5, "policy_loss": 0.001259639859199524, "value_loss": 2.8722988963127136, "entropy": 0.6136508285999298, "approx_kl": 0.015451737213879824, "clip_fraction": 0.17822265625, "grad_norm": 13.3393714427948, "explained_variance": 0.8884217143058777, "action_std_mean": 0.32891836762428284, "optimizer_iterations": 4.0, "lr": 9.922176e-05}
{"step": 43008, "wall_time": 1790737103.3410463, "episodes_completed": 3.0, "mean_episode_reward": 4.120968401432037, "std_episode_reward": 11.649601356048048, "min_episode_reward": -7.449678421020508, "max_episode_reward": 20.063058853149414, "mean_episode_length": 98.66666666666667, "success_rate": 0.0, "collision_rate": 0.6666666666666666, "out_of_bounds_rate": 0.0, "timeout_rate": 0.3333333333333333, "policy_loss": -0.002292198594659567, "value_loss": 4.553534269332886, "entropy": 0.6137429773807526, "approx_kl": 0.01564136683009565, "clip_fraction": 0.1876220703125, "grad_norm": 10.29796314239502, "explained_variance": 0.862640380859375, "action_std_mean": 0.32892879843711853, "optimizer_iterations": 4.0, "lr": 9.918080000000001e-05}
{"step": 45056, "wall_time": 1790737117.4848993, "episodes_completed": 3.0, "mean_episode_reward": 13.488606244325638, "std_episode_reward": 19.65100201229906, "min_episode_reward": -0.40806034207344055, "max_episode_reward": 41.279319763183594, "mean_episode_length": 119.33333333333333, "success_rate": 0.3333333333333333, "collision_rate": 0.0, "out_of_bounds_rate": 0.0, "timeout_rate": 0.6666666666666666, "policy_loss": 0.0020987791940569878, "value_loss": 1.4760089218616486, "entropy": 0.6137906312942505, "approx_kl": 0.008212180924601853, "clip_fraction": 0.07421875, "grad_norm": 11.22296404838562, "explained_variance": 0.9638469815254211, "action_std_mean": 0.3289332985877991, "optimizer_iterations": 4.0, "lr": 9.913984e-05}
{"step": 47104, "wall_time": 1790737131.4880548, "episodes_completed": 1.0, "mean_episode_reward": 28.073196411132812, "std_episode_reward": 0.0, "min_episode_reward": 28.073196411132812, "max_episode_reward": 28.073196411132812, "mean_episode_length": 100.0, "success_rate": 1.0, "collision_rate": 0.0, "out_of_bounds_rate": 0.0, "timeout_rate": 0.0, "policy_loss": -0.0025299014523625374, "value_loss": 0.4850427508354187, "entropy": 0.6137787699699402, "approx_kl": 0.009126882534474134, "clip_fraction": 0.1207275390625, "grad_norm": 7.001962304115295, "explained_variance": 0.9880914688110352, "action_std_mean": 0.32892388105392456, "optimizer_iterations": 4.0, "lr": 9.909888e-05}
{"step": 49152, "wall_time": 1790737144.0150888, "episodes_completed": 3.0, "mean_episode_reward": 5.380837803085645, "std_episode_reward": 15.097107442305795, "min_episode_reward": -9.956094741821289, "max_episode_reward": 25.912734985351562, "mean_episode_length": 67.66666666666667, "success_rate": 0.3333333333333333, "collision_rate": 0.3333333333333333, "out_of_bounds_rate": 0.0, "timeout_rate": 0.3333333333333333, "policy_loss": 0.0031290464103221893, "value_loss": 0.5876665711402893, "entropy": 0.613710880279541, "approx_kl": 0.008730722591280937, "clip_fraction": 0.1217041015625, "grad_norm": 6.57630717754364, "explained_variance": 0.9880207777023315, "action_std_mean": 0.3289036750793457, "optimizer_iterations": 4.0, "lr": 9.905792000000001e-05}
{"step": 51200, "wall_time": 1790737155.6610694, "episodes_completed": 5.0, "mean_episode_reward": -1.1704293847084046, "std_episode_reward": 5.719422871140429, "min_episode_reward": -8.404546737670898, "max_episode_reward": 8.330312728881836, "mean_episode_length": 49.4, "success_rate": 0.0, "collision_rate": 0.6, "out_of_bounds_rate": 0.0, "timeout_rate": 0.4, "policy_loss": -0.003232611808925867, "value_loss": 5.368834376335144, "entropy": 0.6135530173778534, "approx_kl": 0.02364152343943715, "clip_fraction": 0.193115234375, "grad_norm": 15.255861163139343, "explained_variance": 0.8983944654464722, "action_std_mean": 0.32888156175613403, "optimizer_iterations": 4.0, "lr": 9.901696e-05}
{"step": 53248, "wall_time": 1790737169.1473415, "episodes_completed": 5.0, "mean_episode_reward": 6.141644287109375, "std_episode_reward": 11.121683874525706, "min_episode_reward": -7.871456623077393, "max_episode_reward": 25.034591674804688, "mean_episode_length": 118.8, "success_rate": 0.4, "collision_rate": 0.4, "out_of_bounds_rate": 0.0, "timeout_rate": 0.2, "policy_loss": -0.005754437763243914, "value_loss": 5.421606421470642, "entropy": 0.6134504675865173, "approx_kl": 0.006855224026367068, "clip_fraction": 0.056396484375, "grad_norm": 21.012436032295227, "explained_variance": 0.902230978012085, "action_std_mean": 0.32887476682662964, "optimizer_iterations": 4.0, "lr": 9.8976e-05}
{"step": 55296, "wall_time": 1790737183.4093418, "episodes_completed": 7.0, "mean_episode_reward": 15.81920896257673, "std_episode_reward": 20.35649149183319, "min_episode_reward": -9.869475364685059, "max_episode_reward": 47.510398864746094, "mean_episode_length": 110.0, "success_rate": 0.5714285714285714, "collision_rate": 0.42857142857142855, "out_of_bounds_rate": 0.0, "timeout_rate": 0.0, "policy_loss": -8.850055746734142e-05, "value_loss": 4.409165859222412, "entropy": 0.613433301448822, "approx_kl": 0.02042545727454126, "clip_fraction": 0.18115234375, "grad_norm": 11.014897465705872, "explained_variance": 0.8789272904396057, "action_std_mean": 0.328876793384552, "optimizer_iterations": 4.0, "lr": 9.893504e-05}
{"step": 57344, "wall_time": 1790737197.323263, "episodes_completed": 2.0, "mean_episode_reward": 7.56403660774231, "std_episode_reward": 13.684696912765503, "min_episode_reward": -6.120660305023193, "max_episode_reward": 21.248733520507812, "mean_episode_length": 151.5, "success_rate": 0.5, "collision_rate": 0.5, "out_of_bounds_rate": 0.0, "timeout_rate": 0.0, "policy_loss": 0.004721380304545164, "value_loss": 1.2703410685062408, "entropy": 0.61345374584198, "approx_kl": 0.021356964483857155, "clip_fraction": 0.1290283203125, "grad_norm": 10.617587208747864, "explained_variance": 0.9700896143913269, "action_std_mean": 0.3288840353488922, "optimizer_iterations": 4.0, "lr": 9.889408e-05}
{"step": 59392, "wall_time": 1790737211.4093618, "episodes_completed": 3.0, "mean_episode_reward": 13.709363475441933, "std_episode_reward": 19.37445049307837, "min_episode_reward": -0.08312387764453888, "max_episode_reward": 41.1087646484375, "mean_episode_length": 157.33333333333334, "success_rate": 0.3333333333333333, "collision_rate": 0.0, "out_of_bounds_rate": 0.0, "timeout_rate": 0.6666666666666666, "policy_loss": 0.0035622944124042988, "value_loss": 0.556683138012886, "entropy": 0.6134753823280334, "approx_kl": 0.016687499766703695, "clip_fraction": 0.1959228515625, "grad_norm": 8.65841031074524, "explained_variance": 0.984858512878418, "action_std_mean": 0.3288724720478058, "optimizer_iterations": 4.0, "lr": 9.885312e-05}
{"step": 61440, "wall_time": 1790737223.6207507, "episodes_completed": 6.0, "mean_episode_reward": 10.885454336802164, "std_episode_reward": 18.91934179689521, "min_episode_reward": -10.058512687683105, "max_episode_reward": 45.945343017578125, "mean_episode_length": 69.16666666666667, "success_rate": 0.6666666666666666, "collision_rate": 0.3333333333333333, "out_of_bounds_rate": 0.0, "timeout_rate": 0.0, "policy_loss": -0.0016055190935730934, "value_loss": 2.426413416862488, "entropy": 0.6134243905544281, "approx_kl": 0.010680374689400196, "clip_fraction": 0.06005859375, "grad_norm": 9.635932922363281, "explained_variance": 0.9271925687789917, "action_std_mean": 0.32886964082717896, "optimizer_iterations": 4.0, "lr": 9.881216000000001e-05}
{"step": 63488, "wall_time": 1790737236.1228352, "episodes_completed": 1.0, "mean_episode_reward": 27.79560089111328, "std_episode_reward": 0.0, "min_episode_reward": 27.79560089111328, "max_episode_reward": 27.79560089111328, "mean_episode_length": 93.0, "success_rate": 1.0, "collision_rate": 0.0, "out_of_bounds_rate": 0.0, "timeout_rate": 0.0, "policy_loss": -0.00031068501994013786, "value_loss": 0.5173154398798943, "entropy": 0.613338828086853, "approx_kl": 0.011895486619323492, "clip_fraction": 0.14013671875, "grad_norm": 7.886936187744141, "explained_variance": 0.986299991607666, "action_std_mean": 0.32882243394851685, "optimizer_iterations": 4.0, "lr": 9.877120000000001e-05}
{"step": 65536, "wall_time": 1790737251.0390866, "episodes_completed": 4.0, "mean_episode_reward": 10.593418717384338, "std_episode_reward": 17.324519706045105, "min_episode_reward": -7.034661293029785, "max_episode_reward": 32.903717041015625, "mean_episode_length": 76.75, "success_rate": 0.5, "collision_rate": 0.5, "out_of_bounds_rate": 0.0, "timeout_rate": 0.0, "policy_loss": -0.0032124644494615495, "value_loss": 2.4858630895614624, "entropy": 0.6129795908927917, "approx_kl": 0.00894835009239614, "clip_fraction": 0.0926513671875, "grad_norm": 8.676151156425476, "explained_variance": 0.9223234057426453, "action_std_mean": 0.3287655711174011, "optimizer_iterations": 4.0, "lr": 9.873024e-05}
{"step": 67584, "wall_time": 1790737264.2549877, "episodes_completed": 5.0, "mean_episode_reward": 3.5523230850696565, "std_episode_reward": 7.676708596235181, "min_episode_reward": -0.7941980361938477, "max_episode_reward": 18.892547607421875, "mean_episode_length": 95.6, "success_rate": 0.2, "collision_rate": 0.2, "out_of_bounds_rate": 0.0, "timeout_rate": 0.6, "policy_loss": 0.002388318069279194, "value_loss": 3.370791733264923, "entropy": 0.6126942932605743, "approx_kl": 0.011254401877522469, "clip_fraction": 0.13623046875, "grad_norm": 14.564794301986694, "explained_variance": 0.9320299625396729, "action_std_mean": 0.3287365436553955, "optimizer_iterations": 4.0, "lr": 9.868928000000001e-05}
{"step": 69632, "wall_time": 1790737278.466879, "episodes_completed": 5.0, "mean_episode_reward": 4.600182226300239, "std_episode_reward": 6.789380080591473, "min_episode_reward": -6.6414008140563965, "max_episode_reward": 10.687981605529785, "mean_episode_length": 53.8, "success_rate": 0.4, "collision_rate": 0.4, "out_of_bounds_rate": 0.0, "timeout_rate": 0.2, "policy_loss": 0.0017433902248740196, "value_loss": 5.495838642120361, "entropy": 0.6125609278678894, "approx_kl": 0.018234192160889506, "clip_fraction": 0.18359375, "grad_norm": 18.038713455200195, "explained_variance": 0.8654807209968567, "action_std_mean": 0.3287213444709778, "optimizer_iterations": 4.0, "lr": 9.864832e-05}
{"step": 71680, "wall_time": 1790737293.6485589, "episodes_completed": 8.0, "mean_episode_reward": 7.454624056816101, "std_episode_reward": 19.103341612579936, "min_episode_reward": -11.543503761291504, "max_episode_reward": 43.150394439697266, "mean_episode_length": 78.0, "success_rate": 0.5, "collision_rate": 0.5, "out_of_bounds_rate": 0.0, "timeout_rate": 0.0, "policy_loss": -7.114658365026116e-05, "value_loss": 3.859969913959503, "entropy": 0.612468421459198, "approx_kl": 0.010386148816905916, "clip_fraction": 0.0897216796875, "grad_norm": 12.84310531616211, "explained_variance": 0.8862749934196472, "action_std_mean": 0.3287021219730377, "optimizer_iterations": 4.0, "lr": 9.860736e-05}
{"step": 73728, "wall_time": 1790737308.2301838, "episodes_completed": 7.0, "mean_episode_reward": 4.6627414758716315, "std_episode_reward": 13.134224744774421, "min_episode_reward": -10.100287437438965, "max_episode_reward": 29.27011489868164, "mean_episode_length": 67.42857142857143, "success_rate": 0.2857142857142857, "collision_rate": 0.42857142857142855, "out_of_bounds_rate": 0.0, "timeout_rate": 0.2857142857142857, "policy_loss": 0.0005000573582947254, "value_loss": 3.5581158995628357, "entropy": 0.6123368442058563, "approx_kl": 0.00734153768280521, "clip_fraction": 0.063232421875, "grad_norm": 10.38487994670868, "explained_variance": 0.9251337647438049, "action_std_mean": 0.32868027687072754, "optimizer_iterations": 4.0, "lr": 9.85664e-05}
{"step": 75776, "wall_time": 1790737321.3418808, "episodes_completed": 2.0, "mean_episode_reward": 9.51249885559082, "std_episode_reward": 7.747262954711914, "min_episode_reward": 1.7652359008789062, "max_episode_reward": 17.259761810302734, "mean_episode_length": 49.5, "success_rate": 0.5, "collision_rate": 0.5, "out_of_bounds_rate": 0.0, "timeout_rate": 0.0, "policy_loss": 0.004819420166313648, "value_loss": 3.269559621810913, "entropy": 0.6122660934925079, "approx_kl": 0.016715328907594085, "clip_fraction": 0.1214599609375, "grad_norm": 13.595431327819824, "explained_variance": 0.9232199192047119, "action_std_mean": 0.3286949694156647, "optimizer_iterations": 4.0, "lr": 9.852544e-05}
{"step": 77824, "wall_time": 1790737334.6161003, "episodes_completed": 3.0, "mean_episode_reward": 14.541274070739746, "std_episode_reward": 4.19127370279542, "min_episode_reward": 10.380382537841797, "max_episode_reward": 20.277591705322266, "mean_episode_length": 25.0, "success_rate": 1.0, "collision_rate": 0.0, "out_of_bounds_rate": 0.0, "timeout_rate": 0.0, "policy_loss": -0.006058042403310537, "value_loss": 0.34351520240306854, "entropy": 0.6124337315559387, "approx_kl": 0.018683490343391895, "clip_fraction": 0.12939453125, "grad_norm": 6.205635190010071, "explained_variance": 0.9923462271690369, "action_std_mean": 0.32873260974884033, "optimizer_iterations": 4.0, "lr": 9.848448000000001e-05}
{"step": 79872, "wall_time": 1790737348.6766121, "episodes_completed": 3.0, "mean_episode_reward": 37.29098256429037, "std_episode_reward": 7.399981447169277, "min_episode_reward": 28.48897933959961, "max_episode_reward": 46.59434509277344, "mean_episode_length": 141.66666666666666, "success_rate": 1.0, "collision_rate": 0.0, "out_of_bounds_rate": 0.0, "timeout_rate": 0.0, "policy_loss": -0.002893064171075821, "value_loss": 0.4581475779414177, "entropy": 0.6126698851585388, "approx_kl": 0.010981307132169604, "clip_fraction": 0.1383056640625, "grad_norm": 7.565759897232056, "explained_variance": 0.9841423034667969, "action_std_mean": 0.32876715064048767, "optimizer_iterations": 4.0, "lr": 9.844352e-05}
{"step": 81920, "wall_time": 1790737362.6267354, "episodes_completed": 3.0, "mean_episode_reward": 13.854554424683252, "std_episode_reward": 25.475088363083263, "min_episode_reward": -7.908001899719238, "max_episode_reward": 49.600738525390625, "mean_episode_length": 166.0, "success_rate": 0.3333333333333333, "collision_rate": 0.3333333333333333, "out_of_bounds_rate": 0.0, "timeout_rate": 0.3333333333333333, "policy_loss": -0.005194196754018776, "value_loss": 1.645336925983429, "entropy": 0.612876296043396, "approx_kl": 0.009986518416553736, "clip_fraction": 0.105224609375, "grad_norm": 6.292981207370758, "explained_variance": 0.9563620686531067, "action_std_mean": 0.3288125991821289, "optimizer_iterations": 4.0, "lr": 9.840256000000001e-05}
{"step": 83968, "wall_time": 1790737375.7398758, "episodes_completed": 8.0, "mean_episode_reward": 11.721243201754987, "std_episode_reward": 14.48176248881061, "min_episode_reward": -0.24493259191513062, "max_episode_reward": 47.275550842285156, "mean_episode_length": 105.0, "success_rate": 0.5, "collision_rate": 0.125, "out_of_bounds_rate": 0.0, "timeout_rate": 0.375, "policy_loss": 0.008315052837133408, "value_loss": 2.4040419459342957, "entropy": 0.6131636500358582, "approx_kl": 0.028672754298895597, "clip_fraction": 0.25830078125, "grad_norm": 11.44142198562622, "explained_variance": 0.9191235899925232, "action_std_mean": 0.3288511633872986, "optimizer_iterations": 4.0, "lr": 9.83616e-05}
{"step": 86016, "wall_time": 1790737389.639348, "episodes_completed": 3.0, "mean_episode_reward": 23.920821517705917, "std_episode_reward": 22.38624340766333, "min_episode_reward": -0.14965054392814636, "max_episode_reward": 53.76546859741211, "mean_episode_length": 121.66666666666667, "success_rate": 0.6666666666666666, "collision_rate": 0.0, "out_of_bounds_rate": 0.0, "timeout_rate": 0.3333333333333333, "policy_loss": 0.0088747120462358, "value_loss": 0.6109718531370163, "entropy": 0.6133498549461365, "approx_kl": 0.03258097730576992, "clip_fraction": 0.2684326171875, "grad_norm": 13.435518503189087, "explained_variance": 0.9855266213417053, "action_std_mean": 0.3288668394088745, "optimizer_iterations": 4.0, "lr": 9.832064000000001e-05}
{"step": 88064, "wall_time": 1790737404.0030954, "episodes_completed": 5.0, "mean_episode_reward": 9.183086842298508, "std_episode_reward": 19.99700971128144, "min_episode_reward": -10.186811447143555, "max_episode_reward": 35.221832275390625, "mean_episode_length": 96.8, "success_rate": 0.2, "collision_rate": 0.6, "out_of_bounds_rate": 0.0, "timeout_rate": 0.2, "policy_loss": 0.003341654082760215, "value_loss": 6.282072186470032, "entropy": 0.6133929789066315, "approx_kl": 0.041789579670876265, "clip_fraction": 0.2880859375, "grad_norm": 26.772184133529663, "explained_variance": 0.8600988388061523, "action_std_mean": 0.3288644254207611, "optimizer_iterations": 4.0, "lr": 9.827968e-05}
{"step": 90112, "wall_time": 1790737417.150426, "episodes_completed": 4.0, "mean_episode_reward": 3.1745998859405518, "std_episode_reward": 13.665778274458898, "min_episode_reward": -10.94494342803955, "max_episode_reward": 19.2515869140625, "mean_episode_length": 120.0, "success_rate": 0.5, "collision_rate": 0.5, "out_of_bounds_rate": 0.0, "timeout_rate": 0.0, "policy_loss": -0.003698395099490881, "value_loss": 1.7112139165401459, "entropy": 0.6134008467197418, "approx_kl": 0.020920044044032693, "clip_fraction": 0.1884765625, "grad_norm": 12.105171084403992, "explained_variance": 0.9616103768348694, "action_std_mean": 0.3288862705230713, "optimizer_iterations": 4.0, "lr": 9.823872e-05}
{"step": 92160, "wall_time": 1790737430.6602087, "episodes_completed": 1.0, "mean_episode_reward": 33.411399841308594, "std_episode_reward": 0.0, "min_episode_reward": 33.411399841308594, "max_episode_reward": 33.411399841308594, "mean_episode_length": 160.0, "success_rate": 1.0, "collision_rate": 0.0, "out_of_bounds_rate": 0.0, "timeout_rate": 0.0, "policy_loss": 0.0002735257148742676, "value_loss": 0.5426035523414612, "entropy": 0.613609105348587, "approx_kl": 0.009487953269854188, "clip_fraction": 0.09326171875, "grad_norm": 6.6254435777664185, "explained_variance": 0.9882743954658508, "action_std_mean": 0.3289324641227722, "optimizer_iterations": 4.0, "lr": 9.819776000000001e-05}
{"step": 94208, "wall_time": 1790737444.1518219, "episodes_completed": 5.0, "mean_episode_reward": 23.68588180541992, "std_episode_reward": 14.675371309588973, "min_episode_reward": -0.09467887878417969, "max_episode_reward": 42.780487060546875, "mean_episode_length": 155.0, "success_rate": 0.6, "collision_rate": 0.2, "out_of_bounds_rate": 0.0, "timeout_rate": 0.2, "policy_loss": 0.010025759693235159, "value_loss": 3.9937021732330322, "entropy": 0.6138814985752106, "approx_kl": 0.026994050946086645, "clip_fraction": 0.2506103515625, "grad_norm": 14.69013500213623, "explained_variance": 0.9063537120819092, "action_std_mean": 0.32896649837493896, "optimizer_iterations": 4.0, "lr": 9.81568e-05}
{"step": 96256, "wall_time": 1790737458.736805, "episodes_completed": 11.0, "mean_episode_reward": 5.653488871048797, "std_episode_reward": 14.339279885727132, "min_episode_reward": -13.573862075805664, "max_episode_reward": 34.75568389892578, "mean_episode_length": 83.9090909090909, "success_rate": 0.36363636363636365, "collision_rate": 0.45454545454545453, "out_of_bounds_rate": 0.0, "timeout_rate": 0.18181818181818182, "policy_loss": 0.0031836528796702623, "value_loss": 10.273871660232544, "entropy": 0.6140247285366058, "approx_kl": 0.011301132151857018, "clip_fraction": 0.10986328125, "grad_norm": 25.708085536956787, "explained_variance": 0.7139155864715576, "action_std_mean": 0.3289715647697449, "optimizer_iterations": 4.0, "lr": 9.811584000000001e-05}
{"step": 98304, "wall_time": 1790737474.4588213, "episodes_completed": 8.0, "mean_episode_reward": 15.018971502780914, "std_episode_reward": 14.596700693556732, "min_episode_reward": -9.840557098388672, "max_episode_reward": 34.683834075927734, "mean_episode_length": 85.125, "success_rate": 0.625, "collision_rate": 0.375, "out_of_bounds_rate": 0.0, "timeout_rate": 0.0, "policy_loss": 0.0023833707673475146, "value_loss": 6.360007405281067, "entropy": 0.6140012741088867, "approx_kl": 0.013484165770933032, "clip_fraction": 0.1348876953125, "grad_norm": 33.019768714904785, "explained_variance": 0.7755731344223022, "action_std_mean": 0.32895347476005554, "optimizer_iterations": 4.0, "lr": 9.807488e-05}
{"step": 100352, "wall_time": 1790737488.875705, "episodes_completed": 6.0, "mean_episode_reward": 11.025743007659912, "std_episode_reward": 17.438404807797397, "min_episode_reward": -9.778282165527344, "max_episode_reward": 36.18904113769531, "mean_episode_length": 94.5, "success_rate": 0.3333333333333333, "collision_rate": 0.6666666666666666, "out_of_bounds_rate": 0.0, "timeout_rate": 0.0, "policy_loss": 0.0046523758210241795, "value_loss": 6.973373532295227, "entropy": 0.6138575077056885, "approx_kl": 0.024668518221005797, "clip_fraction": 0.203857421875, "grad_norm": 22.331032037734985, "explained_variance": 0.7872709035873413, "action_std_mean": 0.32892686128616333, "optimizer_iterations": 4.0, "lr": 9.803392e-05}
{"step": 102400, "wall_time": 1790737504.1965451, "episodes_completed": 2.0, "mean_episode_reward": 20.57610983401537, "std_episode_reward": 20.686142973601818, "min_episode_reward": -0.11003313958644867, "max_episode_reward": 41.26225280761719, "mean_episode_length": 106.0, "success_rate": 0.5, "collision_rate": 0.0, "out_of_bounds_rate": 0.0, "timeout_rate": 0.5, "policy_loss": 0.0005685476353392005, "value_loss": 0.5242588147521019, "entropy": 0.613688588142395, "approx_kl": 0.010020130779594183, "clip_fraction": 0.096923828125, "grad_norm": 9.152477502822876, "explained_variance": 0.9832943677902222, "action_std_mean": 0.3288896083831787, "optimizer_iterations": 4.0, "lr": 9.799296e-05}
{"step": 104448, "wall_time": 1790737519.7135236, "episodes_completed": 2.0, "mean_episode_reward": -5.721263483166695, "std_episode_reward": 5.498765394091606, "min_episode_reward": -11.2200288772583, "max_episode_reward": -0.2224980890750885, "mean_episode_length": 109.0, "success_rate": 0.0, "collision_rate": 0.5, "out_of_bounds_rate": 0.0, "timeout_rate": 0.5, "policy_loss": -0.0002808123826980591, "value_loss": 0.8770187199115753, "entropy": 0.6134970784187317, "approx_kl": 0.008063104236498475, "clip_fraction": 0.0731201171875, "grad_norm": 7.817869186401367, "explained_variance": 0.9729782938957214, "action_std_mean": 0.32887762784957886, "optimizer_iterations": 4.0, "lr": 9.7952e-05}
{"step": 106496, "wall_time": 1790737531.9828205, "episodes_completed": 1.0, "mean_episode_reward": -11.911787033081055, "std_episode_reward": 0.0, "min_episode_reward": -11.911787033081055, "max_episode_reward": -11.911787033081055, "mean_episode_length": 252.0, "success_rate": 0.0, "collision_rate": 1.0, "out_of_bounds_rate": 0.0, "timeout_rate": 0.0, "policy_loss": -0.0013644726714119315, "value_loss": 0.7608596235513687, "entropy": 0.6134553849697113, "approx_kl": 0.004453963600099087, "clip_fraction": 0.0460205078125, "grad_norm": 6.5240649580955505, "explained_variance": 0.9334694743156433, "action_std_mean": 0.32886096835136414, "optimizer_iterations": 4.0, "lr": 9.791104000000001e-05}
{"step": 108544, "wall_time": 1790737545.9677584, "episodes_completed": 4.0, "mean_episode_reward": 11.678987853229046, "std_episode_reward": 8.618945879015358, "min_episode_reward": -0.03154519200325012, "max_episode_reward": 24.28445053100586, "mean_episode_length": 120.0, "success_rate": 0.75, "collision_rate": 0.0, "out_of_bounds_rate": 0.0, "timeout_rate": 0.25, "policy_loss": -0.002095050411298871, "value_loss": 0.936404824256897, "entropy": 0.6132948994636536, "approx_kl": 0.014282680815085769, "clip_fraction": 0.1451416015625, "grad_norm": 7.2630934715271, "explained_variance": 0.9743167161941528, "action_std_mean": 0.3288232088088989, "optimizer_iterations": 4.0, "lr": 9.787008e-05}
{"step": 110592, "wall_time": 1790737558.4684322, "episodes_completed": 4.0, "mean_episode_reward": 8.197681151330471, "std_episode_reward": 13.59293745056768, "min_episode_reward": -10.003504753112793, "max_episode_reward": 21.968036651611328, "mean_episode_length": 60.75, "success_rate": 0.5, "collision_rate": 0.25, "out_of_bounds_rate": 0.0, "timeout_rate": 0.25, "policy_loss": -0.0031761270947754383, "value_loss": 1.0470357090234756, "entropy": 0.613065779209137, "approx_kl": 0.008968411479145288, "clip_fraction": 0.10791015625, "grad_norm": 9.574469447135925, "explained_variance": 0.9776336550712585, "action_std_mean": 0.3287930190563202, "optimizer_iterations": 4.0, "lr": 9.782912000000001e-05}
{"step": 112640, "wall_time": 1790737570.560767, "episodes_completed": 5.0, "mean_episode_reward": -0.8376168891787529, "std_episode_reward": 8.123634515832551, "min_episode_reward": -10.011425971984863, "max_episode_reward": 10.353995323181152, "mean_episode_length": 93.2, "success_rate": 0.2, "collision_rate": 0.6, "out_of_bounds_rate": 0.0, "timeout_rate": 0.2, "policy_loss": -0.0016168183647096157, "value_loss": 3.371980130672455, "entropy": 0.6129285097122192, "approx_kl": 0.015100077260285616, "clip_fraction": 0.13916015625, "grad_norm": 11.211812734603882, "explained_variance": 0.9161982536315918, "action_std_mean": 0.32878780364990234, "optimizer_iterations": 4.0, "lr": 9.778816e-05}
{"step": 114688, "wall_time": 1790737582.654812, "episodes_completed": 4.0, "mean_episode_reward": 4.642524600028992, "std_episode_reward": 17.522816519977685, "min_episode_reward": -11.860176086425781, "max_episode_reward": 34.118770599365234, "mean_episode_length": 104.5, "success_rate": 0.25, "collision_rate": 0.75, "out_of_bounds_rate": 0.0, "timeout_rate": 0.0, "policy_loss": 0.0024645980447530746, "value_loss": 5.019288063049316, "entropy": 0.6129795014858246, "approx_kl": 0.022952103056013584, "clip_fraction": 0.1588134765625, "grad_norm": 20.42561984062195, "explained_variance": 0.8388259410858154, "action_std_mean": 0.32881927490234375, "optimizer_iterations": 4.0, "lr": 9.774720000000001e-05}
{"step": 116736, "wall_time": 1790737596.1490986, "episodes_completed": 7.0, "mean_episode_reward": 12.363184751144477, "std_episode_reward": 12.187567016781234, "min_episode_reward": -9.800153732299805, "max_episode_reward": 28.601722717285156, "mean_episode_length": 53.142857142857146, "success_rate": 0.7142857142857143, "collision_rate": 0.14285714285714285, "out_of_bounds_rate": 0.0, "timeout_rate": 0.14285714285714285, "policy_loss": 0.0024349340237677097, "value_loss": 1.3299277126789093, "entropy": 0.6132107973098755, "approx_kl": 0.01473275723401457, "clip_fraction": 0.1732177734375, "grad_norm": 14.991942167282104, "explained_variance": 0.9677980542182922, "action_std_mean": 0.32885652780532837, "optimizer_iterations": 4.0, "lr": 9.770624e-05}
{"step": 118784, "wall_time": 1790737608.5611181, "episodes_completed": 5.0, "mean_episode_reward": 13.479380667209625, "std_episode_reward": 9.57870088435511, "min_episode_reward": -0.22868794202804565, "max_episode_reward": 28.690793991088867, "mean_episode_length": 104.8, "success_rate": 0.6, "collision_rate": 0.2, "out_of_bounds_rate": 0.0, "timeout_rate": 0.2, "policy_loss": 0.002559780143201351, "value_loss": 4.26246702671051, "entropy": 0.6134210526943207, "approx_kl": 0.02063755551353097, "clip_fraction": 0.1893310546875, "grad_norm": 15.321100950241089, "explained_variance": 0.9014706611633301, "action_std_mean": 0.32888883352279663, "optimizer_iterations": 4.0, "lr": 9.766528e-05}
{"step": 120832, "wall_time": 1790737620.915023, "episodes_completed": 6.0, "mean_episode_reward": 14.778698140134415, "std_episode_reward": 22.09128374997339, "min_episode_reward": -10.034177780151367, "max_episode_reward": 40.5897102355957, "mean_episode_length": 99.0, "success_rate": 0.5, "collision_rate": 0.3333333333333333, "out_of_bounds_rate": 0.0, "timeout_rate": 0.16666666666666666, "policy_loss": 0.0006181253120303154, "value_loss": 0.9428525269031525, "entropy": 0.6135900914669037, "approx_kl": 0.011253203498199582, "clip_fraction": 0.1024169921875, "grad_norm": 10.595492601394653, "explained_variance": 0.9765588045120239, "action_std_mean": 0.32890433073043823, "optimizer_iterations": 4.0, "lr": 9.762432000000001e-05}
{"step": 122880, "wall_time": 1790737634.664514, "episodes_completed": 5.0, "mean_episode_reward": 24.18930903375149, "std_episode_reward": 24.933725911610072, "min_episode_reward": -4.894110679626465, "max_episode_reward": 55.49633026123047, "mean_episode_length": 119.8, "success_rate": 0.6, "collision_rate": 0.2, "out_of_bounds_rate": 0.0, "timeout_rate": 0.2, "policy_loss": 0.0016942686052061617, "value_loss": 3.0458985567092896, "entropy": 0.6136442720890045, "approx_kl": 0.009943827521055937, "clip_fraction": 0.112060546875, "grad_norm": 13.314884901046753, "explained_variance": 0.9165189862251282, "action_std_mean": 0.328904926776886, "optimizer_iterations": 4.0, "lr": 9.758336e-05}
