{"step": 8000, "wall_time": 1790154112.0515935, "episodes_completed": 82, "mean_episode_reward": -30.642625994798614, "std_episode_reward": 10.853424002741775, "min_episode_reward": -50.203575134277344, "max_episode_reward": 6.838644027709961, "mean_episode_length": 71.52439024390245, "success_rate": 0.0, "collision_rate": 1.0, "out_of_bounds_rate": 0.0, "timeout_rate": 0.0, "policy_loss": 0.12941898842155908, "value_loss": 51.36725425720215, "entropy": 0.8387222290039062, "approx_kl": 0.4738581031560898, "clip_fraction": 0.6325625330209732, "grad_norm": 22.238603591918945, "explained_variance": -6.580352783203125e-05, "action_std_mean": 0.3682757616043091}
{"step": 16000, "wall_time": 1790154145.576474, "episodes_completed": 96, "mean_episode_reward": -29.802338550488155, "std_episode_reward": 7.8940543700357395, "min_episode_reward": -50.48255157470703, "max_episode_reward": -10.519743919372559, "mean_episode_length": 55.5625, "success_rate": 0.0, "collision_rate": 1.0, "out_of_bounds_rate": 0.0, "timeout_rate": 0.0, "policy_loss": 0.04098906096070998, "value_loss": 55.54198741912842, "entropy": 0.8406931310892105, "approx_kl": 0.05222010798752308, "clip_fraction": 0.45875002443790436, "grad_norm": 30.804758548736572, "explained_variance": -0.00048172473907470703, "action_std_mean": 0.36858758330345154}
{"step": 24000, "wall_time": 1790154182.9411426, "episodes_completed": 89, "mean_episode_reward": -30.929404912369975, "std_episode_reward": 8.244272334274315, "min_episode_reward": -54.10233688354492, "max_episode_reward": -17.406627655029297, "mean_episode_length": 74.86516853932584, "success_rate": 0.0, "collision_rate": 1.0, "out_of_bounds_rate": 0.0, "timeout_rate": 0.0, "policy_loss": 0.014472430294379501, "value_loss": 50.712517738342285, "entropy": 0.8421863317489624, "approx_kl": 0.02278734277933836, "clip_fraction": 0.2939687706530094, "grad_norm": 30.939949572086334, "explained_variance": 0.001026153564453125, "action_std_mean": 0.36879438161849976}
{"step": 32000, "wall_time": 1790154219.004458, "episodes_completed": 98, "mean_episode_reward": -32.73461913089363, "std_episode_reward": 13.989709700860228, "min_episode_reward": -73.76136779785156, "max_episode_reward": -4.5262603759765625, "mean_episode_length": 67.78571428571429, "success_rate": 0.0, "collision_rate": 1.0, "out_of_bounds_rate": 0.0, "timeout_rate": 0.0, "policy_loss": 0.15142779266834272, "value_loss": 58.04866886138916, "entropy": 0.8431534171104431, "approx_kl": 0.41566216945648193, "clip_fraction": 0.6512812823057175, "grad_norm": 43.59951198101044, "explained_variance": -0.0002428293228149414, "action_std_mean": 0.36895886063575745}
{"step": 40000, "wall_time": 1790154251.0082881, "episodes_completed": 99, "mean_episode_reward": -36.83080923677695, "std_episode_reward": 28.897740040506996, "min_episode_reward": -160.940673828125, "max_episode_reward": 2.849903106689453, "mean_episode_length": 64.81818181818181, "success_rate": 0.0, "collision_rate": 1.0, "out_of_bounds_rate": 0.0, "timeout_rate": 0.0, "policy_loss": 0.11242081856727548, "value_loss": 65.5095100402832, "entropy": 0.844060406088829, "approx_kl": 0.22026292607188225, "clip_fraction": 0.6101562827825546, "grad_norm": 57.221094608306885, "explained_variance": 0.000788271427154541, "action_std_mean": 0.3690882921218872}
{"step": 48000, "wall_time": 1790154282.226175, "episodes_completed": 75, "mean_episode_reward": -36.8762779490153, "std_episode_reward": 16.28421742855704, "min_episode_reward": -113.36932373046875, "max_episode_reward": -14.234907150268555, "mean_episode_length": 69.73333333333333, "success_rate": 0.0, "collision_rate": 1.0, "out_of_bounds_rate": 0.0, "timeout_rate": 0.0, "policy_loss": 0.061287542738020395, "value_loss": 52.45563888549805, "entropy": 0.8445411026477814, "approx_kl": 0.10067486483603716, "clip_fraction": 0.55271877348423, "grad_norm": 54.81030321121216, "explained_variance": 0.00019162893295288086, "action_std_mean": 0.3691638708114624}
{"step": 56000, "wall_time": 1790154313.3994744, "episodes_completed": 68, "mean_episode_reward": -43.375156963572785, "std_episode_reward": 27.656370845559618, "min_episode_reward": -137.83128356933594, "max_episode_reward": 3.813997268676758, "mean_episode_length": 86.86764705882354, "success_rate": 0.0, "collision_rate": 1.0, "out_of_bounds_rate": 0.0, "timeout_rate": 0.0, "policy_loss": 0.07418360656499867, "value_loss": 52.77960777282715, "entropy": 0.8450756520032883, "approx_kl": 0.13617315888404846, "clip_fraction": 0.5750937759876251, "grad_norm": 59.474884033203125, "explained_variance": 0.0011386871337890625, "action_std_mean": 0.3692532777786255}
{"step": 64000, "wall_time": 1790154344.612027, "episodes_completed": 84, "mean_episode_reward": -37.19770635877337, "std_episode_reward": 17.84951345169567, "min_episode_reward": -123.67709350585938, "max_episode_reward": -14.323880195617676, "mean_episode_length": 63.30952380952381, "success_rate": 0.0, "collision_rate": 1.0, "out_of_bounds_rate": 0.0, "timeout_rate": 0.0, "policy_loss": 0.05780555422603939, "value_loss": 49.06782627105713, "entropy": 0.8453869819641113, "approx_kl": 0.09442420490086079, "clip_fraction": 0.5458437651395798, "grad_norm": 62.2528772354126, "explained_variance": 0.0003095269203186035, "action_std_mean": 0.3692886233329773}
{"step": 72000, "wall_time": 1790154376.8115778, "episodes_completed": 87, "mean_episode_reward": -33.00694602659379, "std_episode_reward": 24.644143410152257, "min_episode_reward": -95.03752899169922, "max_episode_reward": 81.94499206542969, "mean_episode_length": 75.04597701149426, "success_rate": 0.022988505747126436, "collision_rate": 0.9770114942528736, "out_of_bounds_rate": 0.0, "timeout_rate": 0.0, "policy_loss": 0.002820489984238339, "value_loss": 58.182494163513184, "entropy": 0.845600962638855, "approx_kl": 0.004742865567095578, "clip_fraction": 0.08743750583380461, "grad_norm": 46.51150584220886, "explained_variance": 0.0005310177803039551, "action_std_mean": 0.36931511759757996}
{"step": 80000, "wall_time": 1790154407.2265284, "episodes_completed": 100, "mean_episode_reward": -34.16717788696289, "std_episode_reward": 19.732916476640735, "min_episode_reward": -107.21698760986328, "max_episode_reward": 15.829784393310547, "mean_episode_length": 68.64, "success_rate": 0.0, "collision_rate": 1.0, "out_of_bounds_rate": 0.0, "timeout_rate": 0.0, "policy_loss": 0.00659420046815648, "value_loss": 56.49659061431885, "entropy": 0.8456557840108871, "approx_kl": 0.009310255874879658, "clip_fraction": 0.2472500167787075, "grad_norm": 66.47246360778809, "explained_variance": 0.00035446882247924805, "action_std_mean": 0.3693144619464874}
{"step": 88000, "wall_time": 1790154438.006385, "episodes_completed": 83, "mean_episode_reward": -35.44802640432335, "std_episode_reward": 20.833456607936625, "min_episode_reward": -112.52629852294922, "max_episode_reward": 52.99943161010742, "mean_episode_length": 74.37349397590361, "success_rate": 0.012048192771084338, "collision_rate": 0.9879518072289156, "out_of_bounds_rate": 0.0, "timeout_rate": 0.0, "policy_loss": 0.0013998756875501783, "value_loss": 50.82004928588867, "entropy": 0.8456723839044571, "approx_kl": 0.003640502516645938, "clip_fraction": 0.09743750328198075, "grad_norm": 49.901689291000366, "explained_variance": 0.00032508373260498047, "action_std_mean": 0.3693279027938843}
{"step": 96000, "wall_time": 1790154468.5025136, "episodes_completed": 69, "mean_episode_reward": -33.92367832902549, "std_episode_reward": 16.412255549741097, "min_episode_reward": -79.78253936767578, "max_episode_reward": 10.393390655517578, "mean_episode_length": 87.1159420289855, "success_rate": 0.0, "collision_rate": 1.0, "out_of_bounds_rate": 0.0, "timeout_rate": 0.0, "policy_loss": 0.04069745958596466, "value_loss": 36.88566303253174, "entropy": 0.8457596600055695, "approx_kl": 0.04277279041707516, "clip_fraction": 0.4788750112056732, "grad_norm": 42.42272758483887, "explained_variance": 1.5974044799804688e-05, "action_std_mean": 0.36933809518814087}
{"step": 104000, "wall_time": 1790154500.5077984, "episodes_completed": 71, "mean_episode_reward": -33.441510025884064, "std_episode_reward": 20.561629534634523, "min_episode_reward": -92.16670227050781, "max_episode_reward": 73.34370422363281, "mean_episode_length": 91.53521126760563, "success_rate": 0.014084507042253521, "collision_rate": 0.9859154929577465, "out_of_bounds_rate": 0.0, "timeout_rate": 0.0, "policy_loss": 0.02781640838831656, "value_loss": 41.2440710067749, "entropy": 0.845816045999527, "approx_kl": 0.035731297452002764, "clip_fraction": 0.45890627801418304, "grad_norm": 38.432732343673706, "explained_variance": 0.000264585018157959, "action_std_mean": 0.3693726062774658}
{"step": 112000, "wall_time": 1790154530.6888478, "episodes_completed": 85, "mean_episode_reward": -31.810432254566866, "std_episode_reward": 16.911088876088634, "min_episode_reward": -78.45063781738281, "max_episode_reward": 49.833553314208984, "mean_episode_length": 73.7764705882353, "success_rate": 0.011764705882352941, "collision_rate": 0.9882352941176471, "out_of_bounds_rate": 0.0, "timeout_rate": 0.0, "policy_loss": 0.08407510028779508, "value_loss": 39.09364032745361, "entropy": 0.8461365103721619, "approx_kl": 0.12583563476800919, "clip_fraction": 0.5885937809944153, "grad_norm": 42.390318870544434, "explained_variance": 3.3020973205566406e-05, "action_std_mean": 0.3694671094417572}
{"step": 120000, "wall_time": 1790154560.0749884, "episodes_completed": 63, "mean_episode_reward": -31.51372192019508, "std_episode_reward": 13.213986091523047, "min_episode_reward": -70.2697982788086, "max_episode_reward": -2.3206787109375, "mean_episode_length": 80.04761904761905, "success_rate": 0.0, "collision_rate": 1.0, "out_of_bounds_rate": 0.0, "timeout_rate": 0.0, "policy_loss": 0.001742994762142125, "value_loss": 29.61683464050293, "entropy": 0.8466875702142715, "approx_kl": 0.0021566608193097636, "clip_fraction": 0.07918750459793955, "grad_norm": 26.55822205543518, "explained_variance": -1.3232231140136719e-05, "action_std_mean": 0.36955636739730835}
{"step": 128000, "wall_time": 1790154589.8275135, "episodes_completed": 57, "mean_episode_reward": -31.455002667611105, "std_episode_reward": 10.05311341302274, "min_episode_reward": -68.35429382324219, "max_episode_reward": -19.00899887084961, "mean_episode_length": 89.7719298245614, "success_rate": 0.0, "collision_rate": 1.0, "out_of_bounds_rate": 0.0, "timeout_rate": 0.0, "policy_loss": 0.0007090473170392464, "value_loss": 25.242645740509033, "entropy": 0.8470918536186218, "approx_kl": 0.00421785336220637, "clip_fraction": 0.09765625558793545, "grad_norm": 28.262621879577637, "explained_variance": -0.00010180473327636719, "action_std_mean": 0.36960914731025696}
{"step": 136000, "wall_time": 1790154619.7467105, "episodes_completed": 48, "mean_episode_reward": -28.677008072535198, "std_episode_reward": 10.393893008112167, "min_episode_reward": -64.50175476074219, "max_episode_reward": -6.00909423828125, "mean_episode_length": 85.5625, "success_rate": 0.0, "collision_rate": 1.0, "out_of_bounds_rate": 0.0, "timeout_rate": 0.0, "policy_loss": -0.0009155693454014902, "value_loss": 19.929240703582764, "entropy": 0.8473706096410751, "approx_kl": 0.001644842908717692, "clip_fraction": 0.029281251598149538, "grad_norm": 14.207189559936523, "explained_variance": -0.00012552738189697266, "action_std_mean": 0.3696773946285248}
{"step": 144000, "wall_time": 1790154650.2210274, "episodes_completed": 77, "mean_episode_reward": -28.13074732446051, "std_episode_reward": 10.776809671085541, "min_episode_reward": -53.717960357666016, "max_episode_reward": 1.7666091918945312, "mean_episode_length": 80.33766233766234, "success_rate": 0.0, "collision_rate": 1.0, "out_of_bounds_rate": 0.0, "timeout_rate": 0.0, "policy_loss": -0.0006236408102558988, "value_loss": 30.546112060546875, "entropy": 0.8477646112442017, "approx_kl": 0.0007672572464798577, "clip_fraction": 0.02578125079162419, "grad_norm": 28.264578819274902, "explained_variance": -0.000110626220703125, "action_std_mean": 0.36972618103027344}
{"step": 152000, "wall_time": 1790154679.9398427, "episodes_completed": 68, "mean_episode_reward": -30.350627786972943, "std_episode_reward": 13.303017221830034, "min_episode_reward": -73.03190612792969, "max_episode_reward": 9.917070388793945, "mean_episode_length": 78.3529411764706, "success_rate": 0.0, "collision_rate": 1.0, "out_of_bounds_rate": 0.0, "timeout_rate": 0.0, "policy_loss": -0.0006851683034332368, "value_loss": 26.99904203414917, "entropy": 0.8479285836219788, "approx_kl": 0.0028056869050487876, "clip_fraction": 0.08078125352039933, "grad_norm": 22.65917158126831, "explained_variance": -0.0001710653305053711, "action_std_mean": 0.3697517514228821}
{"step": 160000, "wall_time": 1790154709.4404154, "episodes_completed": 33, "mean_episode_reward": -24.447019345832594, "std_episode_reward": 10.377074436229352, "min_episode_reward": -50.22739028930664, "max_episode_reward": -4.72203254699707, "mean_episode_length": 104.0909090909091, "success_rate": 0.0, "collision_rate": 1.0, "out_of_bounds_rate": 0.0, "timeout_rate": 0.0, "policy_loss": 0.00631969200912863, "value_loss": 14.348994255065918, "entropy": 0.8479879200458527, "approx_kl": 0.01159364078193903, "clip_fraction": 0.27371876686811447, "grad_norm": 5.175510048866272, "explained_variance": -0.00019240379333496094, "action_std_mean": 0.3697419762611389}
{"step": 168000, "wall_time": 1790154740.428199, "episodes_completed": 70, "mean_episode_reward": -26.38268243244716, "std_episode_reward": 13.903110098260917, "min_episode_reward": -54.343902587890625, "max_episode_reward": 19.576383590698242, "mean_episode_length": 81.65714285714286, "success_rate": 0.0, "collision_rate": 1.0, "out_of_bounds_rate": 0.0, "timeout_rate": 0.0, "policy_loss": 0.011717412549071105, "value_loss": 27.492239475250244, "entropy": 0.8479689508676529, "approx_kl": 0.012946119939442724, "clip_fraction": 0.2450625067576766, "grad_norm": 16.834867238998413, "explained_variance": -7.87973403930664e-05, "action_std_mean": 0.369730681180954}
{"step": 176000, "wall_time": 1790154770.843041, "episodes_completed": 53, "mean_episode_reward": -24.361832600719524, "std_episode_reward": 10.498371810561967, "min_episode_reward": -51.482337951660156, "max_episode_reward": -2.9238758087158203, "mean_episode_length": 94.41509433962264, "success_rate": 0.0, "collision_rate": 1.0, "out_of_bounds_rate": 0.0, "timeout_rate": 0.0, "policy_loss": 0.006263408847822394, "value_loss": 20.60541009902954, "entropy": 0.8478395193815231, "approx_kl": 0.010660702479071915, "clip_fraction": 0.23740626126527786, "grad_norm": 8.529717803001404, "explained_variance": -3.814697265625e-05, "action_std_mean": 0.3697047829627991}
{"step": 184000, "wall_time": 1790154800.6657238, "episodes_completed": 41, "mean_episode_reward": -26.088626303323885, "std_episode_reward": 17.588835721922184, "min_episode_reward": -57.49168395996094, "max_episode_reward": 23.859773635864258, "mean_episode_length": 125.14634146341463, "success_rate": 0.0, "collision_rate": 1.0, "out_of_bounds_rate": 0.0, "timeout_rate": 0.0, "policy_loss": 0.020200907667982437, "value_loss": 16.593940258026123, "entropy": 0.8482301980257034, "approx_kl": 0.03271709568798542, "clip_fraction": 0.3630625195801258, "grad_norm": 4.1026361882686615, "explained_variance": -8.845329284667969e-05, "action_std_mean": 0.3700140118598938}
{"step": 192000, "wall_time": 1790154830.501317, "episodes_completed": 59, "mean_episode_reward": -21.491020622899978, "std_episode_reward": 18.06604867695923, "min_episode_reward": -50.43459701538086, "max_episode_reward": 39.60999298095703, "mean_episode_length": 96.54237288135593, "success_rate": 0.0, "collision_rate": 1.0, "out_of_bounds_rate": 0.0, "timeout_rate": 0.0, "policy_loss": 0.007470205670222663, "value_loss": 24.41040563583374, "entropy": 0.8503256142139435, "approx_kl": 0.010301174130290747, "clip_fraction": 0.2695000171661377, "grad_norm": 5.064181983470917, "explained_variance": 3.2186508178710938e-06, "action_std_mean": 0.37043675780296326}
{"step": 200000, "wall_time": 1790154860.891735, "episodes_completed": 61, "mean_episode_reward": -21.672757930442934, "std_episode_reward": 14.429568777736684, "min_episode_reward": -60.32951736450195, "max_episode_reward": 30.173534393310547, "mean_episode_length": 79.72131147540983, "success_rate": 0.0, "collision_rate": 1.0, "out_of_bounds_rate": 0.0, "timeout_rate": 0.0, "policy_loss": 0.001953464117832482, "value_loss": 23.242085933685303, "entropy": 0.852303758263588, "approx_kl": 0.0061983210034668446, "clip_fraction": 0.14665625616908073, "grad_norm": 5.2944663763046265, "explained_variance": 3.36766242980957e-05, "action_std_mean": 0.37064510583877563}
{"step": 208000, "wall_time": 1790154891.5095193, "episodes_completed": 61, "mean_episode_reward": -21.042663464780713, "std_episode_reward": 18.99680800790213, "min_episode_reward": -50.36805725097656, "max_episode_reward": 44.609214782714844, "mean_episode_length": 92.63934426229508, "success_rate": 0.0, "collision_rate": 1.0, "out_of_bounds_rate": 0.0, "timeout_rate": 0.0, "policy_loss": -0.0004919977062380898, "value_loss": 25.176528930664062, "entropy": 0.853060856461525, "approx_kl": 0.003654571861261502, "clip_fraction": 0.10021875239908695, "grad_norm": 5.739284515380859, "explained_variance": 4.076957702636719e-05, "action_std_mean": 0.3707624673843384}
{"step": 216000, "wall_time": 1790154921.6384714, "episodes_completed": 47, "mean_episode_reward": -22.163325492371904, "std_episode_reward": 20.23506628551834, "min_episode_reward": -57.70353698730469, "max_episode_reward": 64.76362609863281, "mean_episode_length": 113.14893617021276, "success_rate": 0.02127659574468085, "collision_rate": 0.9787234042553191, "out_of_bounds_rate": 0.0, "timeout_rate": 0.0, "policy_loss": 0.009779638543724989, "value_loss": 23.3136248588562, "entropy": 0.8537794500589371, "approx_kl": 0.015161938033998013, "clip_fraction": 0.2912500128149986, "grad_norm": 4.082844614982605, "explained_variance": 0.0001506805419921875, "action_std_mean": 0.3709367513656616}
{"step": 224000, "wall_time": 1790154952.123303, "episodes_completed": 60, "mean_episode_reward": -19.644801998138426, "std_episode_reward": 22.729416335833307, "min_episode_reward": -68.78382873535156, "max_episode_reward": 53.04533004760742, "mean_episode_length": 110.03333333333333, "success_rate": 0.0, "collision_rate": 1.0, "out_of_bounds_rate": 0.0, "timeout_rate": 0.0, "policy_loss": 0.02024427037499854, "value_loss": 26.735794067382812, "entropy": 0.8549828678369522, "approx_kl": 0.03446522867307067, "clip_fraction": 0.4072187766432762, "grad_norm": 4.744335740804672, "explained_variance": 0.00029277801513671875, "action_std_mean": 0.37122368812561035}
{"step": 232000, "wall_time": 1790154981.9104626, "episodes_completed": 59, "mean_episode_reward": -19.446155919867046, "std_episode_reward": 21.09649903233989, "min_episode_reward": -71.54191589355469, "max_episode_reward": 45.09892272949219, "mean_episode_length": 102.94915254237289, "success_rate": 0.0, "collision_rate": 1.0, "out_of_bounds_rate": 0.0, "timeout_rate": 0.0, "policy_loss": 0.0224455080460757, "value_loss": 25.608355045318604, "entropy": 0.8563422411680222, "approx_kl": 0.02838237932883203, "clip_fraction": 0.35493751615285873, "grad_norm": 5.506984710693359, "explained_variance": 0.0008516907691955566, "action_std_mean": 0.3713909387588501}
{"step": 240000, "wall_time": 1790155012.138388, "episodes_completed": 89, "mean_episode_reward": -21.881817764110778, "std_episode_reward": 15.438194492940898, "min_episode_reward": -50.26618576049805, "max_episode_reward": 41.441314697265625, "mean_episode_length": 57.662921348314605, "success_rate": 0.0, "collision_rate": 1.0, "out_of_bounds_rate": 0.0, "timeout_rate": 0.0, "policy_loss": -0.0008447265718132257, "value_loss": 30.289149284362793, "entropy": 0.8570764064788818, "approx_kl": 0.006889543612487614, "clip_fraction": 0.1705625057220459, "grad_norm": 11.086773872375488, "explained_variance": 0.001292109489440918, "action_std_mean": 0.37148481607437134}
{"step": 248000, "wall_time": 1790155041.8592083, "episodes_completed": 73, "mean_episode_reward": -17.75799462566637, "std_episode_reward": 24.489575366464596, "min_episode_reward": -56.043643951416016, "max_episode_reward": 66.94645690917969, "mean_episode_length": 88.8082191780822, "success_rate": 0.0410958904109589, "collision_rate": 0.958904109589041, "out_of_bounds_rate": 0.0, "timeout_rate": 0.0, "policy_loss": 0.000304318430484285, "value_loss": 37.05109405517578, "entropy": 0.8575686067342758, "approx_kl": 0.005670785903930664, "clip_fraction": 0.13215625658631325, "grad_norm": 6.302999198436737, "explained_variance": 0.0057909488677978516, "action_std_mean": 0.3715835213661194}
{"step": 256000, "wall_time": 1790155071.9192512, "episodes_completed": 75, "mean_episode_reward": -19.90728432973226, "std_episode_reward": 17.35840278150069, "min_episode_reward": -53.55494689941406, "max_episode_reward": 38.031410217285156, "mean_episode_length": 79.77333333333333, "success_rate": 0.0, "collision_rate": 1.0, "out_of_bounds_rate": 0.0, "timeout_rate": 0.0, "policy_loss": 0.008174730558879628, "value_loss": 28.01539659500122, "entropy": 0.8581241220235825, "approx_kl": 0.013116804882884026, "clip_fraction": 0.311156265437603, "grad_norm": 16.89748752117157, "explained_variance": 0.029138684272766113, "action_std_mean": 0.371687650680542}
{"step": 264000, "wall_time": 1790155102.5879672, "episodes_completed": 67, "mean_episode_reward": -15.661933315334036, "std_episode_reward": 16.66951309985409, "min_episode_reward": -50.3013916015625, "max_episode_reward": 24.678482055664062, "mean_episode_length": 79.73134328358209, "success_rate": 0.0, "collision_rate": 1.0, "out_of_bounds_rate": 0.0, "timeout_rate": 0.0, "policy_loss": -0.0008561072793673019, "value_loss": 26.29623556137085, "entropy": 0.8586196750402451, "approx_kl": 0.005269274377496913, "clip_fraction": 0.10368750453926623, "grad_norm": 8.43971574306488, "explained_variance": 0.040010690689086914, "action_std_mean": 0.3717576861381531}
{"step": 272000, "wall_time": 1790155132.8343394, "episodes_completed": 46, "mean_episode_reward": -9.651754825011544, "std_episode_reward": 21.210107325947504, "min_episode_reward": -49.966651916503906, "max_episode_reward": 48.60871505737305, "mean_episode_length": 117.47826086956522, "success_rate": 0.0, "collision_rate": 0.9782608695652174, "out_of_bounds_rate": 0.0, "timeout_rate": 0.021739130434782608, "policy_loss": -0.0010297952025429824, "value_loss": 21.16239070892334, "entropy": 0.858980268239975, "approx_kl": 0.002158357572625391, "clip_fraction": 0.052812501016887836, "grad_norm": 15.509023189544678, "explained_variance": 0.04589885473251343, "action_std_mean": 0.3718261122703552}
{"step": 280000, "wall_time": 1790155162.5345411, "episodes_completed": 37, "mean_episode_reward": -10.25061625403327, "std_episode_reward": 16.24583754888974, "min_episode_reward": -50.134559631347656, "max_episode_reward": 19.883995056152344, "mean_episode_length": 113.24324324324324, "success_rate": 0.0, "collision_rate": 1.0, "out_of_bounds_rate": 0.0, "timeout_rate": 0.0, "policy_loss": -0.001423820558935196, "value_loss": 17.676485061645508, "entropy": 0.8592719882726669, "approx_kl": 0.003746582195162773, "clip_fraction": 0.10881250537931919, "grad_norm": 7.776735782623291, "explained_variance": 0.06578856706619263, "action_std_mean": 0.37183356285095215}
{"step": 288000, "wall_time": 1790155192.6130867, "episodes_completed": 32, "mean_episode_reward": -5.189646393060684, "std_episode_reward": 20.884921906359544, "min_episode_reward": -49.76271438598633, "max_episode_reward": 53.196929931640625, "mean_episode_length": 121.46875, "success_rate": 0.0625, "collision_rate": 0.9375, "out_of_bounds_rate": 0.0, "timeout_rate": 0.0, "policy_loss": 0.001018126992043289, "value_loss": 22.09971523284912, "entropy": 0.859235018491745, "approx_kl": 0.0032943578553386033, "clip_fraction": 0.05568750237580389, "grad_norm": 15.1161367893219, "explained_variance": 0.0025855302810668945, "action_std_mean": 0.3718413710594177}
{"step": 296000, "wall_time": 1790155223.3677077, "episodes_completed": 38, "mean_episode_reward": -11.241981161268134, "std_episode_reward": 19.17632111695926, "min_episode_reward": -50.04372787475586, "max_episode_reward": 51.40739440917969, "mean_episode_length": 114.34210526315789, "success_rate": 0.02631578947368421, "collision_rate": 0.9210526315789473, "out_of_bounds_rate": 0.0, "timeout_rate": 0.05263157894736842, "policy_loss": -0.00029252097918641695, "value_loss": 18.89680051803589, "entropy": 0.8593471348285675, "approx_kl": 0.006373178563080728, "clip_fraction": 0.13193750567734241, "grad_norm": 12.429007232189178, "explained_variance": 0.0337868332862854, "action_std_mean": 0.3718611001968384}
{"step": 304000, "wall_time": 1790155253.3959754, "episodes_completed": 33, "mean_episode_reward": -11.001323280009357, "std_episode_reward": 18.619122908192658, "min_episode_reward": -50.00128936767578, "max_episode_reward": 20.49036407470703, "mean_episode_length": 104.87878787878788, "success_rate": 0.0, "collision_rate": 0.9696969696969697, "out_of_bounds_rate": 0.0, "timeout_rate": 0.030303030303030304, "policy_loss": 0.0029320713001070864, "value_loss": 16.210182666778564, "entropy": 0.8594406098127365, "approx_kl": 0.003922922478523105, "clip_fraction": 0.07668750453740358, "grad_norm": 12.627584457397461, "explained_variance": 0.035679757595062256, "action_std_mean": 0.37189042568206787}
{"step": 312000, "wall_time": 1790155283.0356874, "episodes_completed": 57, "mean_episode_reward": -10.582180307622542, "std_episode_reward": 29.55637652761894, "min_episode_reward": -50.31938552856445, "max_episode_reward": 58.95267105102539, "mean_episode_length": 82.91228070175438, "success_rate": 0.10526315789473684, "collision_rate": 0.8947368421052632, "out_of_bounds_rate": 0.0, "timeout_rate": 0.0, "policy_loss": 0.003378695717925484, "value_loss": 40.887447357177734, "entropy": 0.8596245497465134, "approx_kl": 0.004031371499877423, "clip_fraction": 0.13984375447034836, "grad_norm": 18.28775119781494, "explained_variance": 0.02728402614593506, "action_std_mean": 0.3719210922718048}
{"step": 320000, "wall_time": 1790155313.042302, "episodes_completed": 60, "mean_episode_reward": -8.674106979370118, "std_episode_reward": 27.666670167990127, "min_episode_reward": -49.99660873413086, "max_episode_reward": 72.41645812988281, "mean_episode_length": 75.38333333333334, "success_rate": 0.06666666666666667, "collision_rate": 0.9333333333333333, "out_of_bounds_rate": 0.0, "timeout_rate": 0.0, "policy_loss": 0.009292875904589937, "value_loss": 35.8283805847168, "entropy": 0.8597017377614975, "approx_kl": 0.013338874327018857, "clip_fraction": 0.26503126323223114, "grad_norm": 13.333971381187439, "explained_variance": 0.01245272159576416, "action_std_mean": 0.3718850612640381}
{"step": 328000, "wall_time": 1790155343.3833845, "episodes_completed": 53, "mean_episode_reward": -14.946556181277868, "std_episode_reward": 19.163210327220867, "min_episode_reward": -50.08390426635742, "max_episode_reward": 48.92076873779297, "mean_episode_length": 92.16981132075472, "success_rate": 0.0, "collision_rate": 1.0, "out_of_bounds_rate": 0.0, "timeout_rate": 0.0, "policy_loss": 0.004615940442308952, "value_loss": 24.676884651184082, "entropy": 0.8594070822000504, "approx_kl": 0.004923338769003749, "clip_fraction": 0.12493750546127558, "grad_norm": 8.5511234998703, "explained_variance": -0.03276252746582031, "action_std_mean": 0.3718290328979492}
{"step": 336000, "wall_time": 1790155374.2053514, "episodes_completed": 40, "mean_episode_reward": -12.254394686222076, "std_episode_reward": 21.056297600963997, "min_episode_reward": -50.39157485961914, "max_episode_reward": 35.7261962890625, "mean_episode_length": 86.725, "success_rate": 0.0, "collision_rate": 0.975, "out_of_bounds_rate": 0.0, "timeout_rate": 0.025, "policy_loss": 0.0027823757201550503, "value_loss": 18.284891605377197, "entropy": 0.8591673821210861, "approx_kl": 0.007266587461344898, "clip_fraction": 0.19868751615285873, "grad_norm": 12.516906082630157, "explained_variance": -0.03525567054748535, "action_std_mean": 0.37183088064193726}
{"step": 344000, "wall_time": 1790155404.778052, "episodes_completed": 33, "mean_episode_reward": -10.311988339279637, "std_episode_reward": 23.876845762998617, "min_episode_reward": -38.02599334716797, "max_episode_reward": 98.58133697509766, "mean_episode_length": 116.12121212121212, "success_rate": 0.0, "collision_rate": 0.9696969696969697, "out_of_bounds_rate": 0.0, "timeout_rate": 0.030303030303030304, "policy_loss": 0.017089243024587586, "value_loss": 17.777547359466553, "entropy": 0.8593003302812576, "approx_kl": 0.02208882523700595, "clip_fraction": 0.340750016272068, "grad_norm": 8.116220355033875, "explained_variance": -0.03058457374572754, "action_std_mean": 0.37184834480285645}
{"step": 352000, "wall_time": 1790155434.8331215, "episodes_completed": 54, "mean_episode_reward": -16.71654975855792, "std_episode_reward": 17.728215999229256, "min_episode_reward": -50.051368713378906, "max_episode_reward": 38.61457061767578, "mean_episode_length": 90.5925925925926, "success_rate": 0.0, "collision_rate": 0.9814814814814815, "out_of_bounds_rate": 0.0, "timeout_rate": 0.018518518518518517, "policy_loss": 0.007233754975721263, "value_loss": 23.320801258087158, "entropy": 0.8591093271970749, "approx_kl": 0.012320214416831732, "clip_fraction": 0.2329687587916851, "grad_norm": 6.063087701797485, "explained_variance": -0.001577138900756836, "action_std_mean": 0.3716999888420105}
{"step": 360000, "wall_time": 1790155465.5407374, "episodes_completed": 43, "mean_episode_reward": -11.53927484224009, "std_episode_reward": 21.86674088581401, "min_episode_reward": -49.977691650390625, "max_episode_reward": 67.0023193359375, "mean_episode_length": 127.06976744186046, "success_rate": 0.0, "collision_rate": 0.9767441860465116, "out_of_bounds_rate": 0.0, "timeout_rate": 0.023255813953488372, "policy_loss": -0.00023941088822898582, "value_loss": 20.32272958755493, "entropy": 0.8580722957849503, "approx_kl": 0.005397392436861992, "clip_fraction": 0.08637500368058681, "grad_norm": 6.372102856636047, "explained_variance": 0.007958650588989258, "action_std_mean": 0.3714767396450043}
{"step": 368000, "wall_time": 1790155495.8397698, "episodes_completed": 48, "mean_episode_reward": -11.818456451098124, "std_episode_reward": 27.842327796888288, "min_episode_reward": -50.13967514038086, "max_episode_reward": 62.09244155883789, "mean_episode_length": 102.10416666666667, "success_rate": 0.020833333333333332, "collision_rate": 0.9791666666666666, "out_of_bounds_rate": 0.0, "timeout_rate": 0.0, "policy_loss": -0.0010382857773216791, "value_loss": 27.77138328552246, "entropy": 0.8569644093513489, "approx_kl": 0.004316630074754357, "clip_fraction": 0.08478125452529639, "grad_norm": 12.595871090888977, "explained_variance": 0.009965479373931885, "action_std_mean": 0.37131354212760925}
{"step": 376000, "wall_time": 1790155526.082974, "episodes_completed": 55, "mean_episode_reward": -12.9871338410811, "std_episode_reward": 18.118582090257508, "min_episode_reward": -49.990516662597656, "max_episode_reward": 58.338409423828125, "mean_episode_length": 74.49090909090908, "success_rate": 0.01818181818181818, "collision_rate": 0.9818181818181818, "out_of_bounds_rate": 0.0, "timeout_rate": 0.0, "policy_loss": 0.0015465579903686244, "value_loss": 30.054296016693115, "entropy": 0.8562181740999222, "approx_kl": 0.004784930206369609, "clip_fraction": 0.100625004270114, "grad_norm": 9.610095977783203, "explained_variance": 0.015257954597473145, "action_std_mean": 0.3712081015110016}
{"step": 384000, "wall_time": 1790155556.1662388, "episodes_completed": 42, "mean_episode_reward": -9.22787382489159, "std_episode_reward": 29.991992995295206, "min_episode_reward": -50.22453689575195, "max_episode_reward": 91.70836639404297, "mean_episode_length": 83.14285714285714, "success_rate": 0.07142857142857142, "collision_rate": 0.9285714285714286, "out_of_bounds_rate": 0.0, "timeout_rate": 0.0, "policy_loss": 0.0003005569072120351, "value_loss": 29.079017639160156, "entropy": 0.8557378500699997, "approx_kl": 0.002516618900699541, "clip_fraction": 0.033625001669861376, "grad_norm": 14.706717610359192, "explained_variance": 0.04826033115386963, "action_std_mean": 0.37115049362182617}
{"step": 392000, "wall_time": 1790155586.4342215, "episodes_completed": 47, "mean_episode_reward": -10.876190237859463, "std_episode_reward": 21.791087963253226, "min_episode_reward": -49.9207878112793, "max_episode_reward": 60.39461135864258, "mean_episode_length": 88.44680851063829, "success_rate": 0.0425531914893617, "collision_rate": 0.9361702127659575, "out_of_bounds_rate": 0.0, "timeout_rate": 0.02127659574468085, "policy_loss": -6.003380217567411e-05, "value_loss": 27.55049228668213, "entropy": 0.8554559201002121, "approx_kl": 0.004721583245554939, "clip_fraction": 0.08418750483542681, "grad_norm": 8.74640029668808, "explained_variance": 0.04298806190490723, "action_std_mean": 0.37109053134918213}
{"step": 400000, "wall_time": 1790155616.4720643, "episodes_completed": 59, "mean_episode_reward": -10.088175207881605, "std_episode_reward": 26.80296051074965, "min_episode_reward": -50.302188873291016, "max_episode_reward": 74.72049713134766, "mean_episode_length": 96.2542372881356, "success_rate": 0.03389830508474576, "collision_rate": 0.9661016949152542, "out_of_bounds_rate": 0.0, "timeout_rate": 0.0, "policy_loss": 0.003631864148454067, "value_loss": 34.44684314727783, "entropy": 0.8551172614097595, "approx_kl": 0.007818414946086705, "clip_fraction": 0.15200001001358032, "grad_norm": 11.55590808391571, "explained_variance": 0.05750834941864014, "action_std_mean": 0.37103402614593506}
{"step": 408000, "wall_time": 1790155645.3940754, "episodes_completed": 38, "mean_episode_reward": -13.58069658279419, "std_episode_reward": 22.46365554350172, "min_episode_reward": -50.197330474853516, "max_episode_reward": 61.876197814941406, "mean_episode_length": 86.26315789473684, "success_rate": 0.02631578947368421, "collision_rate": 0.9736842105263158, "out_of_bounds_rate": 0.0, "timeout_rate": 0.0, "policy_loss": 0.001704963306896401, "value_loss": 24.16894245147705, "entropy": 0.8546573519706726, "approx_kl": 0.005637609865516424, "clip_fraction": 0.13578125461935997, "grad_norm": 7.81191349029541, "explained_variance": 0.04957175254821777, "action_std_mean": 0.37086811661720276}
{"step": 416000, "wall_time": 1790155675.0769691, "episodes_completed": 49, "mean_episode_reward": -2.7784975402209224, "std_episode_reward": 27.615902693171414, "min_episode_reward": -25.195545196533203, "max_episode_reward": 61.89654541015625, "mean_episode_length": 114.20408163265306, "success_rate": 0.12244897959183673, "collision_rate": 0.8775510204081632, "out_of_bounds_rate": 0.0, "timeout_rate": 0.0, "policy_loss": 0.0005027699517086148, "value_loss": 38.62240505218506, "entropy": 0.853718712925911, "approx_kl": 0.010615550796501338, "clip_fraction": 0.205531258136034, "grad_norm": 12.318040609359741, "explained_variance": 0.07862412929534912, "action_std_mean": 0.37073397636413574}
{"step": 424000, "wall_time": 1790155705.7541995, "episodes_completed": 36, "mean_episode_reward": 1.8598251872592502, "std_episode_reward": 40.111215976629516, "min_episode_reward": -50.11344909667969, "max_episode_reward": 113.70101928710938, "mean_episode_length": 151.27777777777777, "success_rate": 0.05555555555555555, "collision_rate": 0.9444444444444444, "out_of_bounds_rate": 0.0, "timeout_rate": 0.0, "policy_loss": 0.0010544600778379376, "value_loss": 29.215739250183105, "entropy": 0.8531224429607391, "approx_kl": 0.005486964713782072, "clip_fraction": 0.11284375563263893, "grad_norm": 15.31599473953247, "explained_variance": 0.11746752262115479, "action_std_mean": 0.37066707015037537}
{"step": 432000, "wall_time": 1790155735.6299105, "episodes_completed": 34, "mean_episode_reward": -5.036725857678582, "std_episode_reward": 24.87877086451241, "min_episode_reward": -49.98314666748047, "max_episode_reward": 59.907955169677734, "mean_episode_length": 113.52941176470588, "success_rate": 0.058823529411764705, "collision_rate": 0.9411764705882353, "out_of_bounds_rate": 0.0, "timeout_rate": 0.0, "policy_loss": -1.685668446593791e-05, "value_loss": 26.924833297729492, "entropy": 0.8528809547424316, "approx_kl": 0.005367901991121471, "clip_fraction": 0.12075000628829002, "grad_norm": 9.433339953422546, "explained_variance": 0.117969810962677, "action_std_mean": 0.37064388394355774}
{"step": 440000, "wall_time": 1790155765.8402762, "episodes_completed": 44, "mean_episode_reward": -2.881880846890536, "std_episode_reward": 28.96197445640695, "min_episode_reward": -50.2661018371582, "max_episode_reward": 62.7459716796875, "mean_episode_length": 111.25, "success_rate": 0.11363636363636363, "collision_rate": 0.8863636363636364, "out_of_bounds_rate": 0.0, "timeout_rate": 0.0, "policy_loss": 0.0009960713882470884, "value_loss": 38.512606620788574, "entropy": 0.852763444185257, "approx_kl": 0.002144182741176337, "clip_fraction": 0.0530312517657876, "grad_norm": 12.291473388671875, "explained_variance": 0.06788671016693115, "action_std_mean": 0.3706158399581909}
{"step": 448000, "wall_time": 1790155796.141988, "episodes_completed": 45, "mean_episode_reward": -1.855930052863227, "std_episode_reward": 28.216733338228103, "min_episode_reward": -49.92605209350586, "max_episode_reward": 64.47140502929688, "mean_episode_length": 116.2, "success_rate": 0.08888888888888889, "collision_rate": 0.9111111111111111, "out_of_bounds_rate": 0.0, "timeout_rate": 0.0, "policy_loss": -0.0005262727910300136, "value_loss": 35.32783317565918, "entropy": 0.8525107502937317, "approx_kl": 0.0037111617566552013, "clip_fraction": 0.07515625120140612, "grad_norm": 13.103275537490845, "explained_variance": 0.1321556568145752, "action_std_mean": 0.37052881717681885}
{"step": 456000, "wall_time": 1790155826.9960067, "episodes_completed": 47, "mean_episode_reward": -7.3430848020188355, "std_episode_reward": 26.462427444108823, "min_episode_reward": -50.284847259521484, "max_episode_reward": 53.35646057128906, "mean_episode_length": 91.48936170212765, "success_rate": 0.0425531914893617, "collision_rate": 0.9574468085106383, "out_of_bounds_rate": 0.0, "timeout_rate": 0.0, "policy_loss": -1.793835870911309e-05, "value_loss": 34.47697067260742, "entropy": 0.8518849760293961, "approx_kl": 0.006032191566191614, "clip_fraction": 0.11143750697374344, "grad_norm": 8.39831829071045, "explained_variance": 0.07329702377319336, "action_std_mean": 0.37036657333374023}
{"step": 464000, "wall_time": 1790155857.6209369, "episodes_completed": 60, "mean_episode_reward": -8.834917785724004, "std_episode_reward": 30.976713252162305, "min_episode_reward": -50.19234848022461, "max_episode_reward": 91.21670532226562, "mean_episode_length": 74.23333333333333, "success_rate": 0.06666666666666667, "collision_rate": 0.9166666666666666, "out_of_bounds_rate": 0.0, "timeout_rate": 0.016666666666666666, "policy_loss": 0.0019081421929295628, "value_loss": 40.100911140441895, "entropy": 0.8509871810674667, "approx_kl": 0.004410483030369505, "clip_fraction": 0.09390625357627869, "grad_norm": 10.230153322219849, "explained_variance": 0.1440451741218567, "action_std_mean": 0.37021732330322266}
{"step": 472000, "wall_time": 1790155887.96331, "episodes_completed": 40, "mean_episode_reward": 11.641795110702514, "std_episode_reward": 36.49466550874119, "min_episode_reward": -25.201608657836914, "max_episode_reward": 101.04627990722656, "mean_episode_length": 117.525, "success_rate": 0.225, "collision_rate": 0.775, "out_of_bounds_rate": 0.0, "timeout_rate": 0.0, "policy_loss": -0.0005588779798850751, "value_loss": 44.08237266540527, "entropy": 0.8502195179462433, "approx_kl": 0.0022802403545938432, "clip_fraction": 0.043500002240762115, "grad_norm": 12.320797085762024, "explained_variance": 0.06153744459152222, "action_std_mean": 0.3700590133666992}
{"step": 480000, "wall_time": 1790155917.8922253, "episodes_completed": 41, "mean_episode_reward": 4.852850518575528, "std_episode_reward": 34.525906580572496, "min_episode_reward": -49.84406661987305, "max_episode_reward": 80.8365478515625, "mean_episode_length": 109.97560975609755, "success_rate": 0.17073170731707318, "collision_rate": 0.8292682926829268, "out_of_bounds_rate": 0.0, "timeout_rate": 0.0, "policy_loss": -0.0006102199824962184, "value_loss": 41.65676403045654, "entropy": 0.8492655903100967, "approx_kl": 0.004723918624222279, "clip_fraction": 0.10365625331178308, "grad_norm": 11.804828882217407, "explained_variance": 0.15139895677566528, "action_std_mean": 0.3698614835739136}
{"step": 488000, "wall_time": 1790155948.343586, "episodes_completed": 61, "mean_episode_reward": 0.7231088700841685, "std_episode_reward": 35.16002579582483, "min_episode_reward": -50.03146743774414, "max_episode_reward": 79.87940216064453, "mean_episode_length": 87.01639344262296, "success_rate": 0.16393442622950818, "collision_rate": 0.8360655737704918, "out_of_bounds_rate": 0.0, "timeout_rate": 0.0, "policy_loss": 0.0012373038418009852, "value_loss": 58.23561763763428, "entropy": 0.8481596559286118, "approx_kl": 0.004903172928607091, "clip_fraction": 0.10934375505894423, "grad_norm": 12.546770632266998, "explained_variance": 0.08135229349136353, "action_std_mean": 0.36963918805122375}
{"step": 496000, "wall_time": 1790155977.874191, "episodes_completed": 44, "mean_episode_reward": -3.140866019509055, "std_episode_reward": 34.69930168732065, "min_episode_reward": -50.19553756713867, "max_episode_reward": 91.78570556640625, "mean_episode_length": 96.56818181818181, "success_rate": 0.045454545454545456, "collision_rate": 0.9545454545454546, "out_of_bounds_rate": 0.0, "timeout_rate": 0.0, "policy_loss": 0.0005927382153458893, "value_loss": 31.297761917114258, "entropy": 0.8470281958580017, "approx_kl": 0.0038792356062913314, "clip_fraction": 0.08940625796094537, "grad_norm": 8.25308907032013, "explained_variance": 0.17343777418136597, "action_std_mean": 0.3694953918457031}
